id;identifiant;nom;prenom;telephone_1;telephone_2;email;photo;description;type_client;statut;carte_credit
1;au;Bretagne Bretagne;Nord Hybride Account;Berlines à;Est Femme;Athanase_Clement27@gmail.com;Diesel Diesel Santé;Fromage;PARTICULIER;INACTIF;Pop Magnifique bleu
2;servir Homme Homme;Luxueux;Pantalon complètement Ingenieur;Plein quaerat;smack Caoutchouc Beauté;Aymard66@gmail.com;fourbe Agent commodi;Vélo retrait Savon;PARTICULIER;PREMIUM;Homme cramoisi
3;Fatbike Hybride;Prêt Litecoin caramel;Marché hollandais Tchad;Sud;Électrique miam;Lucien_Roche64@hotmail.fr;Variété polyvalentes;Electronique Irak calculer;PARTICULIER;INACTIF;Account
4;rouge;Jardin;Richelieu;extra Oriental;retrait;Ambroise.Dupuy@hotmail.fr;croâ Pop;Rap de retrait;PARTICULIER;ACTIF;nobis
5;Granit;Pizza Homme Vélo;Account Fait Savon;conseil antagoniste;Delesseux Acier membre;Ulysse_Dupont@hotmail.fr;différer cloche;auprès retrait;PARTICULIER;PREMIUM;Acier
6;Nouveau Latine Rosiers;Maison;Licencié;Granit cuisine;orchidée vel;Audran.Roche@hotmail.fr;voluptatum;Dollar Dollar Hybride;PARTICULIER;PREMIUM;probablement
7;Est Turkménistan;Électrique que grrr;yuan;âcre aïe perdre;Suriname de;Brigitte_Aubert@yahoo.fr;Nord Soudan;nihil de;PARTICULIER;ACTIF;facture Lard Dinar
8;Dollar cupiditate sans;Hybride;bleu;environ;parce Designer;Hilaire_Colin@hotmail.fr;vouh;triathlète;PARTICULIER;ACTIF;Vélo
9;Nord;cannelle sombre;Centre ipsam;Diesel Sud;discuter Citadines;Laureline67@gmail.com;Coordinateur;dépôt;ENTREPRISE;PREMIUM;facture
10;miam Métal miaou;du Vêtements;Doux rêver Bois;de Consultant;Homme certainement;Jacinthe.Henry50@gmail.com;Norvège personnel;Électrique;ENTREPRISE;ACTIF;Mali
