id;identifiant;nom;prenom;date_naissance;date_embauche;telephone_1;telephone_2;email;salaire;photo;fonction;statut_emploi;statut
1;applaudir Électrique Hybride;Femme Chapeau;Voie opposer sarcelle;2023-08-01T20:55:02;2023-08-02T08:48:10;Ouest Alsace moderne;Raffiné Assistant Investissement;Cassien.Charles37@yahoo.fr;20428;Passage Leone;Incroyable Architecte Est;STAGIAIRE;INACTIF
2;Industrie;compliquer;Designer;2023-08-02T07:45:15;2023-08-01T23:08:22;Oman;Roupie chef;Gustave.Charpentier@gmail.com;8533;actionnaire Prêt;fidjien;TEMPS_PARTIEL;PREMIUM
3;isabelle Manager;Panama Pizza dans;Saucisses;2023-08-02T18:16:50;2023-08-01T19:57:41;Rustique certes Essence;Prêt pressentir en;Flore.Hubert52@yahoo.fr;4186;retrait Électrique;Vélo;STAGIAIRE;INACTIF
4;Sud Allée dès;Account Électrique;compter Account;2023-08-02T06:34:48;2023-08-02T15:24:05;diablement que;Grands Métal;Iris.Guerin@gmail.com;9778;paiement;Latine;TEMPS_PARTIEL;ACTIF
5;maîtriser Executif bleuet;bikes clac Bretagne;Slovaquie Richelieu;2023-08-02T06:14:54;2023-08-01T20:59:29;Specialiste;piste dépôt framboise;Rose_Robin@yahoo.fr;10994;Bourgogne abricot;amarante que Hybride;TEMPS_PARTIEL;ACTIF
6;Chèque;smack Petit;Rustique bof Consultant;2023-08-02T13:17:00;2023-08-02T05:34:12;Rial premièrement Intelligent;debitis après Designer;Laurent.Mercier@yahoo.fr;6586;Delesseux Nord Alsace;Essence Béton;STAGIAIRE;PREMIUM
7;Latine Superviseur;Frais de;Tunisie Ouest sans;2023-08-02T02:31:38;2023-08-02T05:49:19;Corse Blues Granit;similique à mollitia;Arolde_Dumont@hotmail.fr;13906;Pratique;Agent;STAGIAIRE;PREMIUM
8;Savoureux Est;sunt;Livres;2023-08-01T20:25:55;2023-08-02T00:55:39;Homme;Homme;Axel53@hotmail.fr;12648;blanc;gueules Ukraine Jazz;TEMPS_PLEIN;ACTIF
9;Biporteur Ouest Funk;Frites;Lard Petit Hybride;2023-08-01T22:24:33;2023-08-02T05:35:48;Intelligent voluptate sauter;retrait brou;Taurin_Girard@hotmail.fr;11819;Beauté;que;STAGIAIRE;ACTIF
10;Chèque;Clavier;patientèle maxime;2023-08-02T03:03:47;2023-08-02T00:18:41;Mouffetard;désagréable collègue;Daphne.Mathieu7@yahoo.fr;7108;Musique Account;Reggae;TEMPS_PLEIN;PREMIUM
